Workbook

Sheet Resumo
A1: Sobra Experience × pedidos CBP e CBTBE — com complemento no CBP
A3: Situação das caixas | B3: Caixas | C3: Unidades | D3: p/ CBP | E3: p/ CBTBE | F3: Devolução
A4: Inteira CBP | B4: =COUNTIF(Caixas!$C$2:$C$329,A4) -> 79 | C4: =SUMIF(Caixas!$C$2:$C$329,A4,Caixas!$E$2:$E$329) -> 3790 | D4: =SUMIF(Caixas!$C$2:$C$329,A4,Caixas!$F$2:$F$329) -> 3790 | E4: =SUMIF(Caixas!$C$2:$C$329,A4,Caixas!$G$2:$G$329) -> 0 | F4: =SUMIF(Caixas!$C$2:$C$329,A4,Caixas!$H$2:$H$329) -> 0
A5: Inteira CBTBE | B5: =COUNTIF(Caixas!$C$2:$C$329,A5) -> 43 | C5: =SUMIF(Caixas!$C$2:$C$329,A5,Caixas!$E$2:$E$329) -> 1770 | D5: =SUMIF(Caixas!$C$2:$C$329,A5,Caixas!$F$2:$F$329) -> 0 | E5: =SUMIF(Caixas!$C$2:$C$329,A5,Caixas!$G$2:$G$329) -> 1770 | F5: =SUMIF(Caixas!$C$2:$C$329,A5,Caixas!$H$2:$H$329) -> 0
A6: Aberta | B6: =COUNTIF(Caixas!$C$2:$C$329,A6) -> 76 | C6: =SUMIF(Caixas!$C$2:$C$329,A6,Caixas!$E$2:$E$329) -> 5649 | D6: =SUMIF(Caixas!$C$2:$C$329,A6,Caixas!$F$2:$F$329) -> 1312 | E6: =SUMIF(Caixas!$C$2:$C$329,A6,Caixas!$G$2:$G$329) -> 2310 | F6: =SUMIF(Caixas!$C$2:$C$329,A6,Caixas!$H$2:$H$329) -> 2027
A7: Devolução fechada | B7: =COUNTIF(Caixas!$C$2:$C$329,A7) -> 129 | C7: =SUMIF(Caixas!$C$2:$C$329,A7,Caixas!$E$2:$E$329) -> 5695 | D7: =SUMIF(Caixas!$C$2:$C$329,A7,Caixas!$F$2:$F$329) -> 0 | E7: =SUMIF(Caixas!$C$2:$C$329,A7,Caixas!$G$2:$G$329) -> 0 | F7: =SUMIF(Caixas!$C$2:$C$329,A7,Caixas!$H$2:$H$329) -> 5695
A8: Avulso | B8: =COUNTIF(Caixas!$C$2:$C$329,A8) -> 1 | C8: =SUMIF(Caixas!$C$2:$C$329,A8,Caixas!$E$2:$E$329) -> 2690 | D8: =SUMIF(Caixas!$C$2:$C$329,A8,Caixas!$F$2:$F$329) -> 723 | E8: =SUMIF(Caixas!$C$2:$C$329,A8,Caixas!$G$2:$G$329) -> 807 | F8: =SUMIF(Caixas!$C$2:$C$329,A8,Caixas!$H$2:$H$329) -> 1160
A9: Total | B9: =SUM(B4:B8) -> 328 | C9: =SUM(C4:C8) -> 19594 | D9: =SUM(D4:D8) -> 5825 | E9: =SUM(E4:E8) -> 4887 | F9: =SUM(F4:F8) -> 8882
A11: Efeito nos pedidos | B11: Pedido original | C11: Atendido pela sobra | D11: Saldo do estoque | E11: Complemento | F11: Pedido ajustado
A12: CBP | B12: =SUMIF('Pedido x Sobra'!$D$2:$D$385,A12,'Pedido x Sobra'!$E$2:$E$385) -> 10400 | C12: =SUMIF('Pedido x Sobra'!$D$2:$D$385,A12,'Pedido x Sobra'!$F$2:$F$385)-SUMIF('Pedido x Sobra'!$D$2:$D$385,A12,'Pedido x Sobra'!$I$2:$I$385) -> 5166 | D12: =SUMIF('Pedido x Sobra'!$D$2:$D$385,A12,'Pedido x Sobra'!$G$2:$G$385) -> 5234 | E12: =SUMIF('Pedido x Sobra'!$D$2:$D$385,A12,'Pedido x Sobra'!$I$2:$I$385) -> 659 | F12: =SUMIF('Pedido x Sobra'!$D$2:$D$385,A12,'Pedido x Sobra'!$J$2:$J$385) -> 11059
A13: CBTBE | B13: =SUMIF('Pedido x Sobra'!$D$2:$D$385,A13,'Pedido x Sobra'!$E$2:$E$385) -> 7671 | C13: =SUMIF('Pedido x Sobra'!$D$2:$D$385,A13,'Pedido x Sobra'!$F$2:$F$385)-SUMIF('Pedido x Sobra'!$D$2:$D$385,A13,'Pedido x Sobra'!$I$2:$I$385) -> 4887 | D13: =SUMIF('Pedido x Sobra'!$D$2:$D$385,A13,'Pedido x Sobra'!$G$2:$G$385) -> 2784 | E13: =SUMIF('Pedido x Sobra'!$D$2:$D$385,A13,'Pedido x Sobra'!$I$2:$I$385) -> 0 | F13: =SUMIF('Pedido x Sobra'!$D$2:$D$385,A13,'Pedido x Sobra'!$J$2:$J$385) -> 7671
A14: Total | B14: =B12+B13 -> 18071 | C14: =C12+C13 -> 10053 | D14: =D12+D13 -> 8018 | E14: =E12+E13 -> 659 | F14: =F12+F13 -> 18730
A16: Comparação entre versões | B16: Unidades da sobra usadas | C16: Caixas abertas | D16: Caixas inteiras | E16: Complemento (un)
A17: V1: só caixa inteira | B17: 6022 | C17: 0 | D17: 99 | E17: 0
A18: V2: abrir o necessário | B18: 10053 | C18: 106 | D18: 92 | E18: 0
A19: V3: complemento no CBP (esta) | B19: =D9+E9 -> 10712 | C19: =B6 -> 76 | D19: =B4+B5 -> 122 | E19: =E14 -> 659
A21: Premissas
A22: 1. Partimos da V2 (máximo reaproveitamento, com o menor número de caixas abertas que o cálculo encontrou no tempo disponível). Cada caixa aberta foi testada para ir inteira ao CBP, aumentando o pedido CBP só nos títulos que já estão nele.
A23: 2. Não converte se a caixa tem título fora do pedido CBP, ou se mandá-la inteira ao CBP tiraria unidades que o CBTBE precisa e que não existem em outra caixa já aberta.
A24: 3. O total atendido pela sobra nos pedidos originais continua 10.053 un e o saldo total a pedir ao estoque não muda (8.018 un). Mas 238 un migram: o CBP passa a ter mais cobertura e o CBTBE menos. O complemento é volume adicional só para o CBP.
A25: 4. Depois das conversões, a separação das demais caixas foi recalculada para manter o menor número de caixas abertas.
A26: 5. Valores das linhas V1 e V2 e da tabela de cenários foram digitados a partir das versões anteriores.
A27: Fontes: Estoque_sobra_EX.xlsx e Pedido_CBP_e_CBTBE.xlsx enviados pelo usuário em 20/10/2026.

Sheet Caixas
A1: Nº Caixa | B1: Notas | C1: Situação | D1: Qtd títulos | E1: Unidades | F1: p/ CBP | G1: p/ CBTBE | H1: Devolução | I1: Instrução | J1: Complemento CBP (un)
A2: 0001 | B2: 476043, 476061, 476065 | C2: Aberta | D2: =COUNTIF(Itens!$C:$C,A2) -> 3 | E2: =SUMIF(Itens!$C:$C,A2,Itens!$D:$D) -> 84 | F2: =SUMIF(Itens!$C:$C,A2,Itens!$I:$I) -> 20 | G2: =SUMIF(Itens!$C:$C,A2,Itens!$J:$J) -> 29 | H2: =SUMIF(Itens!$C:$C,A2,Itens!$K:$K) -> 35 | I2: Continua aberta: tem título que não está no pedido CBP | J2: 0
A3: 0002 | B3: 476043, 476061, 476065 | C3: Devolução fechada | D3: =COUNTIF(Itens!$C:$C,A3) -> 3 | E3: =SUMIF(Itens!$C:$C,A3,Itens!$D:$D) -> 74 | F3: =SUMIF(Itens!$C:$C,A3,Itens!$I:$I) -> 0 | G3: =SUMIF(Itens!$C:$C,A3,Itens!$J:$J) -> 0 | H3: =SUMIF(Itens!$C:$C,A3,Itens!$K:$K) -> 74 | I3: Pedido dos títulos já coberto por outras caixas | J3: 0
A4: 0003 | B4: 476043, 476061, 476065 | C4: Devolução fechada | D4: =COUNTIF(Itens!$C:$C,A4) -> 3 | E4: =SUMIF(Itens!$C:$C,A4,Itens!$D:$D) -> 74 | F4: =SUMIF(Itens!$C:$C,A4,Itens!$I:$I) -> 0 | G4: =SUMIF(Itens!$C:$C,A4,Itens!$J:$J) -> 0 | H4: =SUMIF(Itens!$C:$C,A4,Itens!$K:$K) -> 74 | I4: Pedido dos títulos já coberto por outras caixas | J4: 0
A5: 0004 | B5: 476043, 476061, 476065 | C5: Devolução fechada | D5: =COUNTIF(Itens!$C:$C,A5) -> 3 | E5: =SUMIF(Itens!$C:$C,A5,Itens!$D:$D) -> 74 | F5: =SUMIF(Itens!$C:$C,A5,Itens!$I:$I) -> 0 | G5: =SUMIF(Itens!$C:$C,A5,Itens!$J:$J) -> 0 | H5: =SUMIF(Itens!$C:$C,A5,Itens!$K:$K) -> 74 | I5: Pedido dos títulos já coberto por outras caixas | J5: 0
A6: 0005 | B6: 476061, 476065 | C6: Inteira CBTBE | D6: =COUNTIF(Itens!$C:$C,A6) -> 2 | E6: =SUMIF(Itens!$C:$C,A6,Itens!$D:$D) -> 50 | F6: =SUMIF(Itens!$C:$C,A6,Itens!$I:$I) -> 0 | G6: =SUMIF(Itens!$C:$C,A6,Itens!$J:$J) -> 50 | H6: =SUMIF(Itens!$C:$C,A6,Itens!$K:$K) -> 0 | I6: Enviar a caixa fechada para o CBTBE | J6: 0
A7: 0006 | B7: 476061, 476065 | C7: Devolução fechada | D7: =COUNTIF(Itens!$C:$C,A7) -> 2 | E7: =SUMIF(Itens!$C:$C,A7,Itens!$D:$D) -> 50 | F7: =SUMIF(Itens!$C:$C,A7,Itens!$I:$I) -> 0 | G7: =SUMIF(Itens!$C:$C,A7,Itens!$J:$J) -> 0 | H7: =SUMIF(Itens!$C:$C,A7,Itens!$K:$K) -> 50 | I7: Pedido dos títulos já coberto por outras caixas | J7: 0
A8: 0007 | B8: 476043, 476061, 476065 | C8: Devolução fechada | D8: =COUNTIF(Itens!$C:$C,A8) -> 3 | E8: =SUMIF(Itens!$C:$C,A8,Itens!$D:$D) -> 90 | F8: =SUMIF(Itens!$C:$C,A8,Itens!$I:$I) -> 0 | G8: =SUMIF(Itens!$C:$C,A8,Itens!$J:$J) -> 0 | H8: =SUMIF(Itens!$C:$C,A8,Itens!$K:$K) -> 90 | I8: Pedido dos títulos já coberto por outras caixas | J8: 0
A9: 0008 | B9: 476061, 476065 | C9: Inteira CBP | D9: =COUNTIF(Itens!$C:$C,A9) -> 2 | E9: =SUMIF(Itens!$C:$C,A9,Itens!$D:$D) -> 72 | F9: =SUMIF(Itens!$C:$C,A9,Itens!$I:$I) -> 72 | G9: =SUMIF(Itens!$C:$C,A9,Itens!$J:$J) -> 0 | H9: =SUMIF(Itens!$C:$C,A9,Itens!$K:$K) -> 0 | I9: Era aberta: vai inteira ao CBP com complemento de 4 un | J9: 4
A10: 0009 | B10: 476061, 476065 | C10: Devolução fechada | D10: =COUNTIF(Itens!$C:$C,A10) -> 2 | E10: =SUMIF(Itens!$C:$C,A10,Itens!$D:$D) -> 66 | F10: =SUMIF(Itens!$C:$C,A10,Itens!$I:$I) -> 0 | G10: =SUMIF(Itens!$C:$C,A10,Itens!$J:$J) -> 0 | H10: =SUMIF(Itens!$C:$C,A10,Itens!$K:$K) -> 66 | I10: Pedido dos títulos já coberto por outras caixas | J10: 0
A11: 0010 | B11: 476043, 476061, 476065 | C11: Devolução fechada | D11: =COUNTIF(Itens!$C:$C,A11) -> 3 | E11: =SUMIF(Itens!$C:$C,A11,Itens!$D:$D) -> 78 | F11: =SUMIF(Itens!$C:$C,A11,Itens!$I:$I) -> 0 | G11: =SUMIF(Itens!$C:$C,A11,Itens!$J:$J) -> 0 | H11: =SUMIF(Itens!$C:$C,A11,Itens!$K:$K) -> 78 | I11: Pedido dos títulos já coberto por outras caixas | J11: 0
A12: 0011 | B12: 476043, 476061, 476065 | C12: Inteira CBP | D12: =COUNTIF(Itens!$C:$C,A12) -> 3 | E12: =SUMIF(Itens!$C:$C,A12,Itens!$D:$D) -> 84 | F12: =SUMIF(Itens!$C:$C,A12,Itens!$I:$I) -> 84 | G12: =SUMIF(Itens!$C:$C,A12,Itens!$J:$J) -> 0 | H12: =SUMIF(Itens!$C:$C,A12,Itens!$K:$K) -> 0 | I12: Enviar a caixa fechada para o CBP | J12: 0
A13: 0012 | B13: 476043, 476061, 476062, 476065 | C13: Inteira CBP | D13: =COUNTIF(Itens!$C:$C,A13) -> 4 | E13: =SUMIF(Itens!$C:$C,A13,Itens!$D:$D) -> 100 | F13: =SUMIF(Itens!$C:$C,A13,Itens!$I:$I) -> 100 | G13: =SUMIF(Itens!$C:$C,A13,Itens!$J:$J) -> 0 | H13: =SUMIF(Itens!$C:$C,A13,Itens!$K:$K) -> 0 | I13: Era aberta: vai inteira ao CBP com complemento de 44 un | J13: 44
... A329: S/Caixa | B329: 475799 | C329: Avulso | D329: =COUNTIF(Itens!$C:$C,A329) -> 21 | E329: =SUMIF(Itens!$C:$C,A329,Itens!$D:$D) -> 2690 | F329: =SUMIF(Itens!$C:$C,A329,Itens!$I:$I) -> 723 | G329: =SUMIF(Itens!$C:$C,A329,Itens!$J:$J) -> 807 | H329: =SUMIF(Itens!$C:$C,A329,Itens!$K:$K) -> 1160 | I329: Unidades soltas: separar conforme aba Separação | J329: 0

Sheet Complemento CBP
A1: Ordem | B1: Nº Caixa | C1: Complemento desta caixa (un) | D1: Complemento acumulado (un) | E1: Caixas abertas evitadas (acum.)
A2: 1 | B2: 0042 | C2: =INDEX(Caixas!$J:$J,MATCH(B2,Caixas!$A:$A,0)) -> 1 | D2: =SUM($C$2:C2) -> 1 | E2: =A2 -> 1 | G2: Cenários de limite por caixa | H2: Caixas convertidas | I2: Complemento total (un) | J2: Caixas abertas
A3: 2 | B3: 0043 | C3: =INDEX(Caixas!$J:$J,MATCH(B3,Caixas!$A:$A,0)) -> 7 | D3: =SUM($C$2:C3) -> 8 | E3: =A3 -> 2 | G3: Sem complemento (V2) | H3: 0 | I3: 0 | J3: 106
A4: 3 | B4: 0070 | C4: =INDEX(Caixas!$J:$J,MATCH(B4,Caixas!$A:$A,0)) -> 7 | D4: =SUM($C$2:C4) -> 15 | E4: =A4 -> 3 | G4: Até 5 un por caixa | H4: 7 | I4: 17 | J4: 99
A5: 4 | B5: 0100 | C5: =INDEX(Caixas!$J:$J,MATCH(B5,Caixas!$A:$A,0)) -> 1 | D5: =SUM($C$2:C5) -> 16 | E5: =A5 -> 4 | G5: Até 10 un por caixa | H5: 14 | I5: 70 | J5: 92
A6: 5 | B6: 0253 | C6: =INDEX(Caixas!$J:$J,MATCH(B6,Caixas!$A:$A,0)) -> 2 | D6: =SUM($C$2:C6) -> 18 | E6: =A6 -> 5 | G6: Até 20 un por caixa | H6: 17 | I6: 120 | J6: 89
A7: 6 | B7: 0254 | C7: =INDEX(Caixas!$J:$J,MATCH(B7,Caixas!$A:$A,0)) -> 11 | D7: =SUM($C$2:C7) -> 29 | E7: =A7 -> 6 | G7: Todas as viáveis (esta versão) | H7: 30 | I7: 659 | J7: 76
A8: 7 | B8: 0283 | C8: =INDEX(Caixas!$J:$J,MATCH(B8,Caixas!$A:$A,0)) -> 2 | D8: =SUM($C$2:C8) -> 31 | E8: =A8 -> 7
A9: 8 | B9: 0133 | C9: =INDEX(Caixas!$J:$J,MATCH(B9,Caixas!$A:$A,0)) -> 3 | D9: =SUM($C$2:C9) -> 34 | E9: =A9 -> 8 | G9: Ordem: começa pelas caixas com menor complemento. Cada caixa só entra se, com as anteriores já convertidas, nenhum título do CBTBE perde cobertura. Os cenários foram calculados um a um (valores digitados).
A10: 9 | B10: 0008 | C10: =INDEX(Caixas!$J:$J,MATCH(B10,Caixas!$A:$A,0)) -> 4 | D10: =SUM($C$2:C10) -> 38 | E10: =A10 -> 9
A11: 10 | B11: 0136 | C11: =INDEX(Caixas!$J:$J,MATCH(B11,Caixas!$A:$A,0)) -> 4 | D11: =SUM($C$2:C11) -> 42 | E11: =A11 -> 10
A12: 11 | B12: 0138 | C12: =INDEX(Caixas!$J:$J,MATCH(B12,Caixas!$A:$A,0)) -> 7 | D12: =SUM($C$2:C12) -> 49 | E12: =A12 -> 11
A13: 12 | B13: 0145 | C13: =INDEX(Caixas!$J:$J,MATCH(B13,Caixas!$A:$A,0)) -> 7 | D13: =SUM($C$2:C13) -> 56 | E13: =A13 -> 12
A14: 13 | B14: 0273 | C14: =INDEX(Caixas!$J:$J,MATCH(B14,Caixas!$A:$A,0)) -> 7 | D14: =SUM($C$2:C14) -> 63 | E14: =A14 -> 13
A15: 14 | B15: 0246 | C15: =INDEX(Caixas!$J:$J,MATCH(B15,Caixas!$A:$A,0)) -> 22 | D15: =SUM($C$2:C15) -> 85 | E15: =A15 -> 14
A16: 15 | B16: 0155 | C16: =INDEX(Caixas!$J:$J,MATCH(B16,Caixas!$A:$A,0)) -> 10 | D16: =SUM($C$2:C16) -> 95 | E16: =A16 -> 15
A17: 16 | B17: 0140 | C17: =INDEX(Caixas!$J:$J,MATCH(B17,Caixas!$A:$A,0)) -> 14 | D17: =SUM($C$2:C17) -> 109 | E17: =A17 -> 16
A18: 17 | B18: 0041 | C18: =INDEX(Caixas!$J:$J,MATCH(B18,Caixas!$A:$A,0)) -> 19 | D18: =SUM($C$2:C18) -> 128 | E18: =A18 -> 17
A19: 18 | B19: 0056 | C19: =INDEX(Caixas!$J:$J,MATCH(B19,Caixas!$A:$A,0)) -> 32 | D19: =SUM($C$2:C19) -> 160 | E19: =A19 -> 18
A20: 19 | B20: 0023 | C20: =INDEX(Caixas!$J:$J,MATCH(B20,Caixas!$A:$A,0)) -> 14 | D20: =SUM($C$2:C20) -> 174 | E20: =A20 -> 19
A21: 20 | B21: 0141 | C21: =INDEX(Caixas!$J:$J,MATCH(B21,Caixas!$A:$A,0)) -> 24 | D21: =SUM($C$2:C21) -> 198 | E21: =A21 -> 20
... A31: 30 | B31: 0179 | C31: =INDEX(Caixas!$J:$J,MATCH(B31,Caixas!$A:$A,0)) -> 89 | D31: =SUM($C$2:C31) -> 659 | E31: =A31 -> 30

Sheet Itens
A1: ISBN | B1: Descrição | C1: Nº Caixa | D1: Estoque | E1: Nota | F1: Situação da caixa | G1: Separar p/ CBP (se aberta) | H1: Separar p/ CBTBE (se aberta) | I1: Qtd p/ CBP | J1: Qtd p/ CBTBE | K1: Qtd devolução
A2: 9786558821403 | B2: O DOM EXTRAORDINARIO DE SER COMUM | C2: 0001 | D2: 30 | E2: 476065 | F2: =INDEX(Caixas!$C:$C,MATCH(C2,Caixas!$A:$A,0)) -> Aberta | G2: 0 | H2: 29 | I2: =IF(F2="Inteira CBP",D2,IF(OR(F2="Aberta",F2="Avulso"),G2,0)) -> 0 | J2: =IF(F2="Inteira CBTBE",D2,IF(OR(F2="Aberta",F2="Avulso"),H2,0)) -> 29 | K2: =D2-I2-J2 -> 1
A3: 9786558823391 | B3: AUTOCOMPAIXAO PARA LIDAR COM O BURNOUT | C3: 0001 | D3: 30 | E3: 476061 | F3: =INDEX(Caixas!$C:$C,MATCH(C3,Caixas!$A:$A,0)) -> Aberta | G3: 20 | H3: 0 | I3: =IF(F3="Inteira CBP",D3,IF(OR(F3="Aberta",F3="Avulso"),G3,0)) -> 20 | J3: =IF(F3="Inteira CBTBE",D3,IF(OR(F3="Aberta",F3="Avulso"),H3,0)) -> 0 | K3: =D3-I3-J3 -> 10
A4: 9786581335281 | B4: TERAPIA DE ACEITACAO E COMPROMISSO 2ED. | C4: 0001 | D4: 24 | E4: 476043 | F4: =INDEX(Caixas!$C:$C,MATCH(C4,Caixas!$A:$A,0)) -> Aberta | G4: 0 | H4: 0 | I4: =IF(F4="Inteira CBP",D4,IF(OR(F4="Aberta",F4="Avulso"),G4,0)) -> 0 | J4: =IF(F4="Inteira CBTBE",D4,IF(OR(F4="Aberta",F4="Avulso"),H4,0)) -> 0 | K4: =D4-I4-J4 -> 24
A5: 9786558823391 | B5: AUTOCOMPAIXAO PARA LIDAR COM O BURNOUT | C5: 0002 | D5: 30 | E5: 476061 | F5: =INDEX(Caixas!$C:$C,MATCH(C5,Caixas!$A:$A,0)) -> Devolução fechada | G5: 0 | H5: 0 | I5: =IF(F5="Inteira CBP",D5,IF(OR(F5="Aberta",F5="Avulso"),G5,0)) -> 0 | J5: =IF(F5="Inteira CBTBE",D5,IF(OR(F5="Aberta",F5="Avulso"),H5,0)) -> 0 | K5: =D5-I5-J5 -> 30
A6: 9786558823452 | B6: DISCUTA CERTO: COMO CASAIS FELIZES TRANSFORMAN | C6: 0002 | D6: 20 | E6: 476065 | F6: =INDEX(Caixas!$C:$C,MATCH(C6,Caixas!$A:$A,0)) -> Devolução fechada | G6: 0 | H6: 0 | I6: =IF(F6="Inteira CBP",D6,IF(OR(F6="Aberta",F6="Avulso"),G6,0)) -> 0 | J6: =IF(F6="Inteira CBTBE",D6,IF(OR(F6="Aberta",F6="Avulso"),H6,0)) -> 0 | K6: =D6-I6-J6 -> 20
A7: 9786581335281 | B7: TERAPIA DE ACEITACAO E COMPROMISSO 2ED. | C7: 0002 | D7: 24 | E7: 476043 | F7: =INDEX(Caixas!$C:$C,MATCH(C7,Caixas!$A:$A,0)) -> Devolução fechada | G7: 0 | H7: 0 | I7: =IF(F7="Inteira CBP",D7,IF(OR(F7="Aberta",F7="Avulso"),G7,0)) -> 0 | J7: =IF(F7="Inteira CBTBE",D7,IF(OR(F7="Aberta",F7="Avulso"),H7,0)) -> 0 | K7: =D7-I7-J7 -> 24
A8: 9786558823391 | B8: AUTOCOMPAIXAO PARA LIDAR COM O BURNOUT | C8: 0003 | D8: 30 | E8: 476061 | F8: =INDEX(Caixas!$C:$C,MATCH(C8,Caixas!$A:$A,0)) -> Devolução fechada | G8: 0 | H8: 0 | I8: =IF(F8="Inteira CBP",D8,IF(OR(F8="Aberta",F8="Avulso"),G8,0)) -> 0 | J8: =IF(F8="Inteira CBTBE",D8,IF(OR(F8="Aberta",F8="Avulso"),H8,0)) -> 0 | K8: =D8-I8-J8 -> 30
A9: 9786558823452 | B9: DISCUTA CERTO: COMO CASAIS FELIZES TRANSFORMAN | C9: 0003 | D9: 20 | E9: 476065 | F9: =INDEX(Caixas!$C:$C,MATCH(C9,Caixas!$A:$A,0)) -> Devolução fechada | G9: 0 | H9: 0 | I9: =IF(F9="Inteira CBP",D9,IF(OR(F9="Aberta",F9="Avulso"),G9,0)) -> 0 | J9: =IF(F9="Inteira CBTBE",D9,IF(OR(F9="Aberta",F9="Avulso"),H9,0)) -> 0 | K9: =D9-I9-J9 -> 20
A10: 9786581335281 | B10: TERAPIA DE ACEITACAO E COMPROMISSO 2ED. | C10: 0003 | D10: 24 | E10: 476043 | F10: =INDEX(Caixas!$C:$C,MATCH(C10,Caixas!$A:$A,0)) -> Devolução fechada | G10: 0 | H10: 0 | I10: =IF(F10="Inteira CBP",D10,IF(OR(F10="Aberta",F10="Avulso"),G10,0)) -> 0 | J10: =IF(F10="Inteira CBTBE",D10,IF(OR(F10="Aberta",F10="Avulso"),H10,0)) -> 0 | K10: =D10-I10-J10 -> 24
A11: 9786558823391 | B11: AUTOCOMPAIXAO PARA LIDAR COM O BURNOUT | C11: 0004 | D11: 30 | E11: 476061 | F11: =INDEX(Caixas!$C:$C,MATCH(C11,Caixas!$A:$A,0)) -> Devolução fechada | G11: 0 | H11: 0 | I11: =IF(F11="Inteira CBP",D11,IF(OR(F11="Aberta",F11="Avulso"),G11,0)) -> 0 | J11: =IF(F11="Inteira CBTBE",D11,IF(OR(F11="Aberta",F11="Avulso"),H11,0)) -> 0 | K11: =D11-I11-J11 -> 30
A12: 9786558823452 | B12: DISCUTA CERTO: COMO CASAIS FELIZES TRANSFORMAN | C12: 0004 | D12: 20 | E12: 476065 | F12: =INDEX(Caixas!$C:$C,MATCH(C12,Caixas!$A:$A,0)) -> Devolução fechada | G12: 0 | H12: 0 | I12: =IF(F12="Inteira CBP",D12,IF(OR(F12="Aberta",F12="Avulso"),G12,0)) -> 0 | J12: =IF(F12="Inteira CBTBE",D12,IF(OR(F12="Aberta",F12="Avulso"),H12,0)) -> 0 | K12: =D12-I12-J12 -> 20
A13: 9786581335281 | B13: TERAPIA DE ACEITACAO E COMPROMISSO 2ED. | C13: 0004 | D13: 24 | E13: 476043 | F13: =INDEX(Caixas!$C:$C,MATCH(C13,Caixas!$A:$A,0)) -> Devolução fechada | G13: 0 | H13: 0 | I13: =IF(F13="Inteira CBP",D13,IF(OR(F13="Aberta",F13="Avulso"),G13,0)) -> 0 | J13: =IF(F13="Inteira CBTBE",D13,IF(OR(F13="Aberta",F13="Avulso"),H13,0)) -> 0 | K13: =D13-I13-J13 -> 24
... A837: 9786558824589 | B837: TREINAMENTO DE HABIL. EM DBT 2ED.-REV. TERAP | C837: S/Caixa | D837: 100 | E837: 475799 | F837: =INDEX(Caixas!$C:$C,MATCH(C837,Caixas!$A:$A,0)) -> Avulso | G837: 49 | H837: 51 | I837: =IF(F837="Inteira CBP",D837,IF(OR(F837="Aberta",F837="Avulso"),G837,0)) -> 49 | J837: =IF(F837="Inteira CBTBE",D837,IF(OR(F837="Aberta",F837="Avulso"),H837,0)) -> 51 | K837: =D837-I837-J837 -> 0

Sheet Separação
A1: Nº Caixa | B1: Nota | C1: ISBN | D1: Descrição | E1: Estoque na caixa | F1: Separar p/ CBP | G1: Separar p/ CBTBE | H1: Volta p/ estoque
A2: 0001 | B2: 476065 | C2: 9786558821403 | D2: O DOM EXTRAORDINARIO DE SER COMUM | E2: 30 | F2: =SUMIFS(Itens!$I:$I,Itens!$C:$C,A2,Itens!$A:$A,C2) -> 0 | G2: =SUMIFS(Itens!$J:$J,Itens!$C:$C,A2,Itens!$A:$A,C2) -> 29 | H2: =SUMIFS(Itens!$K:$K,Itens!$C:$C,A2,Itens!$A:$A,C2) -> 1
A3: 0001 | B3: 476061 | C3: 9786558823391 | D3: AUTOCOMPAIXAO PARA LIDAR COM O BURNOUT | E3: 30 | F3: =SUMIFS(Itens!$I:$I,Itens!$C:$C,A3,Itens!$A:$A,C3) -> 20 | G3: =SUMIFS(Itens!$J:$J,Itens!$C:$C,A3,Itens!$A:$A,C3) -> 0 | H3: =SUMIFS(Itens!$K:$K,Itens!$C:$C,A3,Itens!$A:$A,C3) -> 10
A4: 0001 | B4: 476043 | C4: 9786581335281 | D4: TERAPIA DE ACEITACAO E COMPROMISSO 2ED. | E4: 24 | F4: =SUMIFS(Itens!$I:$I,Itens!$C:$C,A4,Itens!$A:$A,C4) -> 0 | G4: =SUMIFS(Itens!$J:$J,Itens!$C:$C,A4,Itens!$A:$A,C4) -> 0 | H4: =SUMIFS(Itens!$K:$K,Itens!$C:$C,A4,Itens!$A:$A,C4) -> 24
A5: 0017 | B5: 476065 | C5: 9786558821403 | D5: O DOM EXTRAORDINARIO DE SER COMUM | E5: 30 | F5: =SUMIFS(Itens!$I:$I,Itens!$C:$C,A5,Itens!$A:$A,C5) -> 10 | G5: =SUMIFS(Itens!$J:$J,Itens!$C:$C,A5,Itens!$A:$A,C5) -> 0 | H5: =SUMIFS(Itens!$K:$K,Itens!$C:$C,A5,Itens!$A:$A,C5) -> 20
A6: 0017 | B6: 476043 | C6: 9786558823223 | D6: CONSTRUINDO UMA VIDA QUE VALE A PENA SER VIVIDA | E6: 24 | F6: =SUMIFS(Itens!$I:$I,Itens!$C:$C,A6,Itens!$A:$A,C6) -> 0 | G6: =SUMIFS(Itens!$J:$J,Itens!$C:$C,A6,Itens!$A:$A,C6) -> 24 | H6: =SUMIFS(Itens!$K:$K,Itens!$C:$C,A6,Itens!$A:$A,C6) -> 0
A7: 0017 | B7: 476061 | C7: 9786558823612 | D7: MINDFULNESS PARA A VIDA | E7: 30 | F7: =SUMIFS(Itens!$I:$I,Itens!$C:$C,A7,Itens!$A:$A,C7) -> 30 | G7: =SUMIFS(Itens!$J:$J,Itens!$C:$C,A7,Itens!$A:$A,C7) -> 0 | H7: =SUMIFS(Itens!$K:$K,Itens!$C:$C,A7,Itens!$A:$A,C7) -> 0
A8: 0019 | B8: 476065 | C8: 9786558822820 | D8: EXPERIMENTANDO A TER. DE ACEIT. E COMP. DE DENTRO | E8: 28 | F8: =SUMIFS(Itens!$I:$I,Itens!$C:$C,A8,Itens!$A:$A,C8) -> 8 | G8: =SUMIFS(Itens!$J:$J,Itens!$C:$C,A8,Itens!$A:$A,C8) -> 11 | H8: =SUMIFS(Itens!$K:$K,Itens!$C:$C,A8,Itens!$A:$A,C8) -> 9
A9: 0019 | B9: 476061 | C9: 9786558823612 | D9: MINDFULNESS PARA A VIDA | E9: 30 | F9: =SUMIFS(Itens!$I:$I,Itens!$C:$C,A9,Itens!$A:$A,C9) -> 0 | G9: =SUMIFS(Itens!$J:$J,Itens!$C:$C,A9,Itens!$A:$A,C9) -> 30 | H9: =SUMIFS(Itens!$K:$K,Itens!$C:$C,A9,Itens!$A:$A,C9) -> 0
A10: 0019 | B10: 476043 | C10: 9786558823902 | D10: O LIVRO DE HABIL. DA TER. DE ACEITACAO E COMPROMIS | E10: 38 | F10: =SUMIFS(Itens!$I:$I,Itens!$C:$C,A10,Itens!$A:$A,C10) -> 4 | G10: =SUMIFS(Itens!$J:$J,Itens!$C:$C,A10,Itens!$A:$A,C10) -> 8 | H10: =SUMIFS(Itens!$K:$K,Itens!$C:$C,A10,Itens!$A:$A,C10) -> 26
A11: 0024 | B11: 476043 | C11: 9786558820635 | D11: INTERVENCOES ON-LINE E TER. COG.-COMPORTAMENTAIS | E11: 30 | F11: =SUMIFS(Itens!$I:$I,Itens!$C:$C,A11,Itens!$A:$A,C11) -> 0 | G11: =SUMIFS(Itens!$J:$J,Itens!$C:$C,A11,Itens!$A:$A,C11) -> 27 | H11: =SUMIFS(Itens!$K:$K,Itens!$C:$C,A11,Itens!$A:$A,C11) -> 3
A12: 0024 | B12: 476065 | C12: 9786558822479 | D12: SUPERANDO A INFIDELIDADE 2ED. | E12: 34 | F12: =SUMIFS(Itens!$I:$I,Itens!$C:$C,A12,Itens!$A:$A,C12) -> 0 | G12: =SUMIFS(Itens!$J:$J,Itens!$C:$C,A12,Itens!$A:$A,C12) -> 20 | H12: =SUMIFS(Itens!$K:$K,Itens!$C:$C,A12,Itens!$A:$A,C12) -> 14
A13: 0024 | B13: 476061 | C13: 9786558823353 | D13: O QUE FAZER QUANDO VOCE SE PREOCUPA DEMAIS 2ED. | E13: 82 | F13: =SUMIFS(Itens!$I:$I,Itens!$C:$C,A13,Itens!$A:$A,C13) -> 25 | G13: =SUMIFS(Itens!$J:$J,Itens!$C:$C,A13,Itens!$A:$A,C13) -> 0 | H13: =SUMIFS(Itens!$K:$K,Itens!$C:$C,A13,Itens!$A:$A,C13) -> 57
... A273: S/Caixa | B273: 475799 | C273: 9786558824589 | D273: TREINAMENTO DE HABIL. EM DBT 2ED.-REV. TERAP | E273: 100 | F273: =SUMIFS(Itens!$I:$I,Itens!$C:$C,A273,Itens!$A:$A,C273) -> 49 | G273: =SUMIFS(Itens!$J:$J,Itens!$C:$C,A273,Itens!$A:$A,C273) -> 51 | H273: =SUMIFS(Itens!$K:$K,Itens!$C:$C,A273,Itens!$A:$A,C273) -> 0

Sheet Pedido x Sobra
A1: ISBN | B1: Título | C1: Autor | D1: Evento | E1: Qtd pedido | F1: Sai da sobra | G1: Saldo a enviar do estoque | H1: % atendido | I1: Complemento (un) | J1: Pedido ajustado | K1: Checagem
A2: 9786558823766 | B2: A NOVA ERA DA SAUDE MENTAL COM INTEL. ARTIFICIAL | C2: GOBBI, ANDERSON | D2: CBP | E2: 300 | F2: =IF(D2="CBP",SUMIF(Itens!$A:$A,A2,Itens!$I:$I),SUMIF(Itens!$A:$A,A2,Itens!$J:$J)) -> 18 | G2: =MAX(0,E2-F2) -> 282 | H2: =IF(E2=0,0,MIN(1,F2/E2)) -> 0.06 | I2: =MAX(0,F2-E2) -> 0 | J2: =E2+I2 -> 300 | K2: =IF(I2=0,"OK",IF(D2="CBP","Complemento CBP","ERRO: excede CBTBE")) -> OK
A3: 9786558823513 | B3: ADICOES TECNOL. E OUTRAS ADICOES COMPORTAMENTAIS | C3: ROZA, THIAGO HENRIQUE | D3: CBP | E3: 250 | F3: =IF(D3="CBP",SUMIF(Itens!$A:$A,A3,Itens!$I:$I),SUMIF(Itens!$A:$A,A3,Itens!$J:$J)) -> 8 | G3: =MAX(0,E3-F3) -> 242 | H3: =IF(E3=0,0,MIN(1,F3/E3)) -> 0.032 | I3: =MAX(0,F3-E3) -> 0 | J3: =E3+I3 -> 250 | K3: =IF(I3=0,"OK",IF(D3="CBP","Complemento CBP","ERRO: excede CBTBE")) -> OK
A4: 9786558824329 | B4: MAS EU NAO ATAREI AS TUAS MAOS | C4: BOTEGA, NEURY JOSE | D4: CBP | E4: 250 | F4: =IF(D4="CBP",SUMIF(Itens!$A:$A,A4,Itens!$I:$I),SUMIF(Itens!$A:$A,A4,Itens!$J:$J)) -> 25 | G4: =MAX(0,E4-F4) -> 225 | H4: =IF(E4=0,0,MIN(1,F4/E4)) -> 0.1 | I4: =MAX(0,F4-E4) -> 0 | J4: =E4+I4 -> 250 | K4: =IF(I4=0,"OK",IF(D4="CBP","Complemento CBP","ERRO: excede CBTBE")) -> OK
A5: 9786558824428 | B5: TRANSTORNO BIPOLAR - UM GUIA CLIN. BAS. EM EVIDENC | C5: PASSOS, IVES CAVALCANTE | D5: CBP | E5: 250 | F5: =IF(D5="CBP",SUMIF(Itens!$A:$A,A5,Itens!$I:$I),SUMIF(Itens!$A:$A,A5,Itens!$J:$J)) -> 0 | G5: =MAX(0,E5-F5) -> 250 | H5: =IF(E5=0,0,MIN(1,F5/E5)) -> 0 | I5: =MAX(0,F5-E5) -> 0 | J5: =E5+I5 -> 250 | K5: =IF(I5=0,"OK",IF(D5="CBP","Complemento CBP","ERRO: excede CBTBE")) -> OK
A6: 9786558823865 | B6: TRATADO SOBRE O TRANSTORNO DO ESPECTRO AUTISTA | C6: RIESGO, RUDIMAR DOS SANTOS | D6: CBP | E6: 250 | F6: =IF(D6="CBP",SUMIF(Itens!$A:$A,A6,Itens!$I:$I),SUMIF(Itens!$A:$A,A6,Itens!$J:$J)) -> 85 | G6: =MAX(0,E6-F6) -> 165 | H6: =IF(E6=0,0,MIN(1,F6/E6)) -> 0.34 | I6: =MAX(0,F6-E6) -> 0 | J6: =E6+I6 -> 250 | K6: =IF(I6=0,"OK",IF(D6="CBP","Complemento CBP","ERRO: excede CBTBE")) -> OK
A7: 9786558822356 | B7: DROGAS E ADICOES CONSULTA RAPIDA | C7: SORDI, ANNE ORGLER | D7: CBP | E7: 228 | F7: =IF(D7="CBP",SUMIF(Itens!$A:$A,A7,Itens!$I:$I),SUMIF(Itens!$A:$A,A7,Itens!$J:$J)) -> 70 | G7: =MAX(0,E7-F7) -> 158 | H7: =IF(E7=0,0,MIN(1,F7/E7)) -> 0.30701754 | I7: =MAX(0,F7-E7) -> 0 | J7: =E7+I7 -> 228 | K7: =IF(I7=0,"OK",IF(D7="CBP","Complemento CBP","ERRO: excede CBTBE")) -> OK
A8: 9786558823964 | B8: REF. RAPIDA DO DSM-5-TR P/ SAUDE MENTAL | C8: HILT, ROBERT J. | D8: CBP | E8: 200 | F8: =IF(D8="CBP",SUMIF(Itens!$A:$A,A8,Itens!$I:$I),SUMIF(Itens!$A:$A,A8,Itens!$J:$J)) -> 70 | G8: =MAX(0,E8-F8) -> 130 | H8: =IF(E8=0,0,MIN(1,F8/E8)) -> 0.35 | I8: =MAX(0,F8-E8) -> 0 | J8: =E8+I8 -> 200 | K8: =IF(I8=0,"OK",IF(D8="CBP","Complemento CBP","ERRO: excede CBTBE")) -> OK
A9: 9786558821113 | B9: REF. RAPIDA AOS CRIT. DIAG. DO DSM 5 - TR 5ED. | C9: AMERICAN PSYCHIATRIC ASSOCIATION | D9: CBP | E9: 155 | F9: =IF(D9="CBP",SUMIF(Itens!$A:$A,A9,Itens!$I:$I),SUMIF(Itens!$A:$A,A9,Itens!$J:$J)) -> 70 | G9: =MAX(0,E9-F9) -> 85 | H9: =IF(E9=0,0,MIN(1,F9/E9)) -> 0.4516129 | I9: =MAX(0,F9-E9) -> 0 | J9: =E9+I9 -> 155 | K9: =IF(I9=0,"OK",IF(D9="CBP","Complemento CBP","ERRO: excede CBTBE")) -> OK
A10: 9786558820338 | B10: TRATADO DE PSIQUIATRIA DA ASSOC. BRAS. PSIQUIATRIA | C10: NARDI, ANTONIO E. | D10: CBP | E10: 140 | F10: =IF(D10="CBP",SUMIF(Itens!$A:$A,A10,Itens!$I:$I),SUMIF(Itens!$A:$A,A10,Itens!$J:$J)) -> 0 | G10: =MAX(0,E10-F10) -> 140 | H10: =IF(E10=0,0,MIN(1,F10/E10)) -> 0 | I10: =MAX(0,F10-E10) -> 0 | J10: =E10+I10 -> 140 | K10: =IF(I10=0,"OK",IF(D10="CBP","Complemento CBP","ERRO: excede CBTBE")) -> OK
A11: 9786558822776 | B11: AUTISMO - CONCEITO, DIAG., INTERV. E LEGISLACAO | C11: SILVA, ANTONIO GERALDO | D11: CBP | E11: 134 | F11: =IF(D11="CBP",SUMIF(Itens!$A:$A,A11,Itens!$I:$I),SUMIF(Itens!$A:$A,A11,Itens!$J:$J)) -> 56 | G11: =MAX(0,E11-F11) -> 78 | H11: =IF(E11=0,0,MIN(1,F11/E11)) -> 0.41791045 | I11: =MAX(0,F11-E11) -> 0 | J11: =E11+I11 -> 134 | K11: =IF(I11=0,"OK",IF(D11="CBP","Complemento CBP","ERRO: excede CBTBE")) -> OK
A12: 9786558821366 | B12: PSICOFARMACOS CONSULTA RAPIDA 6ED. | C12: CORDIOLI, ARISTIDES V. | D12: CBP | E12: 128 | F12: =IF(D12="CBP",SUMIF(Itens!$A:$A,A12,Itens!$I:$I),SUMIF(Itens!$A:$A,A12,Itens!$J:$J)) -> 0 | G12: =MAX(0,E12-F12) -> 128 | H12: =IF(E12=0,0,MIN(1,F12/E12)) -> 0 | I12: =MAX(0,F12-E12) -> 0 | J12: =E12+I12 -> 128 | K12: =IF(I12=0,"OK",IF(D12="CBP","Complemento CBP","ERRO: excede CBTBE")) -> OK
A13: 9786558821281 | B13: AUTISMO NO ADULTO | C13: DEL PORTO, JOSE ALBERTO | D13: CBP | E13: 125 | F13: =IF(D13="CBP",SUMIF(Itens!$A:$A,A13,Itens!$I:$I),SUMIF(Itens!$A:$A,A13,Itens!$J:$J)) -> 104 | G13: =MAX(0,E13-F13) -> 21 | H13: =IF(E13=0,0,MIN(1,F13/E13)) -> 0.832 | I13: =MAX(0,F13-E13) -> 0 | J13: =E13+I13 -> 125 | K13: =IF(I13=0,"OK",IF(D13="CBP","Complemento CBP","ERRO: excede CBTBE")) -> OK
... A385: 9786559760473 | B385: COMO APRENDEMOS? 3ED. | C385: MARTIN, HECTOR RUIZ | D385: CBTBE | E385: 5 | F385: =IF(D385="CBP",SUMIF(Itens!$A:$A,A385,Itens!$I:$I),SUMIF(Itens!$A:$A,A385,Itens!$J:$J)) -> 0 | G385: =MAX(0,E385-F385) -> 5 | H385: =IF(E385=0,0,MIN(1,F385/E385)) -> 0 | I385: =MAX(0,F385-E385) -> 0 | J385: =E385+I385 -> 5 | K385: =IF(I385=0,"OK",IF(D385="CBP","Complemento CBP","ERRO: excede CBTBE")) -> OK

Sheet Devolução
A1: Nota | B1: Nº Caixa | C1: Tipo | D1: ISBN | E1: Descrição | F1: Qtd devolução
A2: 475799 | B2: S/Caixa | C2: Avulso | D2: 9786558823681 | E2: PSICOTERAPIA ANALITICA FUNCIONAL 2ED. | F2: =SUMIFS(Itens!$K:$K,Itens!$C:$C,B2,Itens!$A:$A,D2) -> 27
A3: 475799 | B3: S/Caixa | C3: Avulso | D3: 9786558823728 | E3: TERAPIA BASEADA EM PROCESSOS | F3: =SUMIFS(Itens!$K:$K,Itens!$C:$C,B3,Itens!$A:$A,D3) -> 66
A4: 475799 | B4: S/Caixa | C4: Avulso | D4: 9786558823803 | E4: LENDO WINNICOTT | F4: =SUMIFS(Itens!$K:$K,Itens!$C:$C,B4,Itens!$A:$A,D4) -> 45
A5: 475799 | B5: S/Caixa | C5: Avulso | D5: 9786558823988 | E5: PREVENCAO E INTERVENCAO NO CICLO VITAL | F5: =SUMIFS(Itens!$K:$K,Itens!$C:$C,B5,Itens!$A:$A,D5) -> 113
A6: 475799 | B6: S/Caixa | C6: Avulso | D6: 9786558824008 | E6: DBT PROXIMOS PASSOS - CONSTR. UMA VIDA - MN. TERAP | F6: =SUMIFS(Itens!$K:$K,Itens!$C:$C,B6,Itens!$A:$A,D6) -> 10
A7: 475799 | B7: S/Caixa | C7: Avulso | D7: 9786558824046 | E7: PERFECCIONISMO E SAUDE | F7: =SUMIFS(Itens!$K:$K,Itens!$C:$C,B7,Itens!$A:$A,D7) -> 47
A8: 475799 | B8: S/Caixa | C8: Avulso | D8: 9786558824060 | E8: O LUTO NA PERSPECTIVA DAS TER.COG.-COMPORTAMENTAIS | F8: =SUMIFS(Itens!$K:$K,Itens!$C:$C,B8,Itens!$A:$A,D8) -> 26
A9: 475799 | B9: S/Caixa | C9: Avulso | D9: 9786558824121 | E9: PASSO A PASSO P/ A VIDA SUPERANDO O COMP. SUICIDA | F9: =SUMIFS(Itens!$K:$K,Itens!$C:$C,B9,Itens!$A:$A,D9) -> 30
A10: 475799 | B10: S/Caixa | C10: Avulso | D10: 9786558824183 | E10: FUNDAMENTANDO A PSICOTERAPIA NA AUTOCOMPAIXAO | F10: =SUMIFS(Itens!$K:$K,Itens!$C:$C,B10,Itens!$A:$A,D10) -> 80
A11: 475799 | B11: S/Caixa | C11: Avulso | D11: 9786558824206 | E11: ARTE E ANALISE DO COMPORTAMENTO | F11: =SUMIFS(Itens!$K:$K,Itens!$C:$C,B11,Itens!$A:$A,D11) -> 120
A12: 475799 | B12: S/Caixa | C12: Avulso | D12: 9786558824244 | E12: PENSAMENTO VISUAL | F12: =SUMIFS(Itens!$K:$K,Itens!$C:$C,B12,Itens!$A:$A,D12) -> 20
A13: 475799 | B13: S/Caixa | C13: Avulso | D13: 9786558824404 | E13: MANUAL DE TECN. VIVENCIAIS EM TERAPIA DO ESQUEMA | F13: =SUMIFS(Itens!$K:$K,Itens!$C:$C,B13,Itens!$A:$A,D13) -> 100
... A425: 476065 | B425: 0335 | C425: Caixa fechada | D425: 9786558820574 | E425: LIDANDO COM A ANSIEDADE | F425: =SUMIFS(Itens!$K:$K,Itens!$C:$C,B425,Itens!$A:$A,D425) -> 40
